JR在来線・各改札内,jr_conventional_lines_inside_each_ticket_gate_including_nishinotoin_guchi
JR線改札内,jr_conventional_lines_inside_each_ticket_gate_including_nishinotoin_guchi
在来線改札内,jr_conventional_lines_inside_each_ticket_gate_including_nishinotoin_guchi
改札内,jr_conventional_lines_inside_each_ticket_gate_including_nishinotoin_guchi
西洞院口,jr_conventional_lines_inside_each_ticket_gate_including_nishinotoin_guchi
JR新幹線・各改札内,jr_shinkansen_in_each_ticket_gate_including_transfer_gate
JR新幹線改札内,jr_shinkansen_in_each_ticket_gate_including_transfer_gate
新幹線改札内,jr_shinkansen_in_each_ticket_gate_including_transfer_gate
JR新幹線改札内乗り換え,jr_shinkansen_in_each_ticket_gate_including_transfer_gate
新幹線改札内乗り換え,jr_shinkansen_in_each_ticket_gate_including_transfer_gate
新幹線乗り換え,jr_shinkansen_in_each_ticket_gate_including_transfer_gate
近鉄・改札内,inside_the_ticket_gate_of_kintetsu_line
近鉄改札内,inside_the_ticket_gate_of_kintetsu_line
近鉄改札,inside_the_ticket_gate_of_kintetsu_line
京都市営地下鉄・改札内,in_the_ticket_gate_of_kyoto_municipal_subway
京都市営地下鉄改札内,in_the_ticket_gate_of_kyoto_municipal_subway
市営地下鉄改札内,in_the_ticket_gate_of_kyoto_municipal_subway
地下鉄改札内,in_the_ticket_gate_of_kyoto_municipal_subway
地下鉄改札,in_the_ticket_gate_of_kyoto_municipal_subway
京都総合観光案内所,kyoto_general_tourist_information_center_nabi_kyo
総合観光案内所,kyoto_general_tourist_information_center_nabi_kyo
観光案内所,kyoto_general_tourist_information_center_nabi_kyo
観光案内,kyoto_general_tourist_information_center_nabi_kyo
亰なび,kyoto_general_tourist_information_center_nabi_kyo
駅ビルインフォメーション,station_building_information
駅インフォメーション,station_building_information
インフォメーション,station_building_information
京都駅 屋上展望台,kyoto_station_rooftop_observatory
京都駅屋上展望台,kyoto_station_rooftop_observatory
駅屋上展望台,kyoto_station_rooftop_observatory
屋上展望台,kyoto_station_rooftop_observatory
展望台,kyoto_station_rooftop_observatory
烏丸小路広場,karasuma_koji_square
小路広場,karasuma_koji_square
京都駅・空中経路,kyoto_station_aerial_route
京都駅空中経路,kyoto_station_aerial_route
駅空中経路,kyoto_station_aerial_route
空中経路,kyoto_station_aerial_route
京都駅屋上・大空広場,kyoto_station_rooftop_and_ozora_square
京都駅屋上大空広場,kyoto_station_rooftop_and_ozora_square
駅屋上大空広場,kyoto_station_rooftop_and_ozora_square
屋上大空広場,kyoto_station_rooftop_and_ozora_square
大空広場,kyoto_station_rooftop_and_ozora_square
南北自由通路,north_–_south_free_passage
南北通路,north_–_south_free_passage
自由通路,north_–_south_free_passage
地下自由通路,underground_free_passage
地下通路,underground_free_passage
自由通路,underground_free_passage
東駐車場,east_parking_lot
駐車場,east_parking_lot
西駐車場,west_parking_lot_first_and_second
駐車場,west_parking_lot_first_and_second
バスターミナル,bus_terminal
ターミナル,bus_terminal
バスチケットセンター,bus_ticket_center
バスチケット,bus_ticket_center
タクシー乗り場,taxi_stop_karasuma_exit
タクシー乗り場烏丸口,taxi_stop_karasuma_exit
タクシー烏丸口,taxi_stop_karasuma_exit
市バス・高速バス乗り場,city_bus_and_highway_bus_stops
市バス高速バス乗り場,city_bus_and_highway_bus_stops
市バス乗り場,city_bus_and_highway_bus_stops
高速バス乗り場,city_bus_and_highway_bus_stops
バス乗り場,city_bus_and_highway_bus_stops
京都駅前地下街 ポルタ,porta_underground_shopping_center_in_front_of_kyoto_station
京都駅地下街ポルタ,porta_underground_shopping_center_in_front_of_kyoto_station
駅地下街ポルタ,porta_underground_shopping_center_in_front_of_kyoto_station
地下街ポルタ,porta_underground_shopping_center_in_front_of_kyoto_station
ポルタ,porta_underground_shopping_center_in_front_of_kyoto_station
近鉄名店街みやこみち,miyakomichi
名店街みやこみち,miyakomichi
近鉄みやこみち,miyakomichi
みやこみち,miyakomichi
アスティ京都,asti_kyoto
アスティ,asti_kyoto
ジェイアール京都伊勢丹,jr_kyoto_isetan_including_art_museum_eki_kyoto
京都伊勢丹,jr_kyoto_isetan_including_art_museum_eki_kyoto
伊勢丹,jr_kyoto_isetan_including_art_museum_eki_kyoto
美術館えきkyoto,jr_kyoto_isetan_including_art_museum_eki_kyoto
美術館えき,jr_kyoto_isetan_including_art_museum_eki_kyoto
ザ・キューブ,the_cube_the_cube
キューブ,the_cube_the_cube
コトチカ京都(地下自由通路と連結),kotochika_kyoto_connecting_to_underground_free_passage
コトチカ京都 地下自由通路連結,kotochika_kyoto_connecting_to_underground_free_passage
コトチカ京都 地下通路連結,kotochika_kyoto_connecting_to_underground_free_passage
コトチカ京都 地下連結,kotochika_kyoto_connecting_to_underground_free_passage
コトチカ 地下自由通路連結,kotochika_kyoto_connecting_to_underground_free_passage
コトチカ 地下通路連結,kotochika_kyoto_connecting_to_underground_free_passage
コトチカ 地下連結,kotochika_kyoto_connecting_to_underground_free_passage
Time’s Place 京都,time's_place_kyoto_inside_the_ticket_gate_of_kintetsu_kyoto_station
Time's Place 京都,time's_place_kyoto_inside_the_ticket_gate_of_kintetsu_kyoto_station
Time's Place,time's_place_kyoto_inside_the_ticket_gate_of_kintetsu_kyoto_station
JR西口改札前イートパラダイス,eat_paradise_in_front_of_jr_west_exit_old_subako_jr_kyoto_isetan
JR西口改札 イートパラダイス 旧スバコ JR京都伊勢丹,eat_paradise_in_front_of_jr_west_exit_old_subako_jr_kyoto_isetan
西口改札 イートパラダイス,eat_paradise_in_front_of_jr_west_exit_old_subako_jr_kyoto_isetan
イートパラダイス,eat_paradise_in_front_of_jr_west_exit_old_subako_jr_kyoto_isetan
旧スバコ JR京都伊勢丹,eat_paradise_in_front_of_jr_west_exit_old_subako_jr_kyoto_isetan
旧スバコ,eat_paradise_in_front_of_jr_west_exit_old_subako_jr_kyoto_isetan
スバコ,eat_paradise_in_front_of_jr_west_exit_old_subako_jr_kyoto_isetan
和食小路,washoku_koji
京都劇場,kyoto_theater
劇場,kyoto_theater
京都拉麺小路,kyoto_ramen_koji
拉麺小路,kyoto_ramen_koji
おみやげ街道,souvenir_highway
ビックカメラJR京都店,bic_camera_jr_kyoto_directly_connected_to_nishinotoin_exit
ビックカメラ JR京都店,bic_camera_jr_kyoto_directly_connected_to_nishinotoin_exit
ビックカメラ,bic_camera_jr_kyoto_directly_connected_to_nishinotoin_exit
ビック,bic_camera_jr_kyoto_directly_connected_to_nishinotoin_exit
ホテル近鉄京都駅,hotel_kintetsu_kyoto_station
ホテル近鉄,hotel_kintetsu_kyoto_station
ホテルグランヴィア京都,hotel_granvia_kyoto
ホテルグランヴィア,hotel_granvia_kyoto
鉄道案内所,railway_information_center
鉄道案内,railway_information_center
コトチカ京都 市バス・地下鉄案内所,kotochika_kyoto_city_bus_and_subway_information_center
コトチカ京都 市バス地下鉄案内所,kotochika_kyoto_city_bus_and_subway_information_center
コトチカ京都 バス地下鉄案内所,kotochika_kyoto_city_bus_and_subway_information_center
コトチカ京都 案内所,kotochika_kyoto_city_bus_and_subway_information_center
コトチカ 市バス地下鉄案内所,kotochika_kyoto_city_bus_and_subway_information_center
コトチカ バス地下鉄案内所,kotochika_kyoto_city_bus_and_subway_information_center
京都総合観光案内所,kyoto_general_tourist_information_center
総合観光案内所,kyoto_general_tourist_information_center
観光案内所,kyoto_general_tourist_information_center
観光案内,kyoto_general_tourist_information_center
亰なび,kyoto_general_tourist_information_center
中央口,central_opening
中央,central_opening
八条東口,hachijo_east_exit
八条東,hachijo_east_exit
新幹線八条東口,hachijo_east_exit_of_shinkansen
新幹線八条東,hachijo_east_exit_of_shinkansen
新幹線八条口改札,ticket_gate_of_shinkansen_hachijo
西洞院口,nishinotoin_guchi
西洞院,nishinotoin_guchi
新幹線中央口,shinkansen_chuo_guchi
新幹線中央,shinkansen_chuo_guchi
近鉄改札口,kintetsu_ticket_gate
近鉄改札,kintetsu_ticket_gate
新幹線中央乗換口,shinkansen_central_transfer_gate
新幹線中央乗換,shinkansen_central_transfer_gate
新幹線東乗換口,east_transfer_gate_of_shinkansen
新幹線東乗換,east_transfer_gate_of_shinkansen
西口,west_exit
西,west_exit
地下中央口,underground_central_entrance
地下中央,underground_central_entrance
地下鉄東口,east_exit_of_subway_station
地下鉄東,east_exit_of_subway_station
地下鉄中央口1,metro_central_exit_1
地下鉄中央1,metro_central_exit_1
地下鉄中央口2,central_exit_2
地下鉄中央2,central_exit_2
JR京都駅キャリーサービス Crosta京都,jr_kyoto_station_carry_service_crosta_kyoto
駅キャリーサービス,jr_kyoto_station_carry_service_crosta_kyoto
Crosta京都,jr_kyoto_station_carry_service_crosta_kyoto
Crosta,jr_kyoto_station_carry_service_crosta_kyoto
西改札内コインロッカー,coin_lockers_at_the_west_ticket_gate
西改札口自由連絡通路コインロッカー,coin_lockers_at_the_free_passage_of_the_west_ticket_gate
自由連絡通路コインロッカー,coin_lockers_at_the_free_passage_of_the_west_ticket_gate
八条口コインロッカー,hachijoguchi_coin_locker
京都劇場下コインロッカー,kyoto_theater_suburban_coin_coin_coin
劇場下コインロッカー,kyoto_theater_suburban_coin_coin_coin
鳥丸口コインロッカー,torimarukuchi_b_coin_locker
鳥丸口Bコインロッカー,torimarukuchi_b_coin_locker
鳥丸Bコインロッカー,torimarukuchi_b_coin_locker
10番線コインロッカー,platform_10_a_coin_lockers
10番線Aコインロッカー,platform_10_a_coin_lockers
鳥丸口コインロッカー,torimarukuchi_coin_locker
鳥丸コインロッカー,torimarukuchi_coin_locker
鳥丸口定期観光バス乗り場コインロッカー,torimaruguchi_regular_sightseeing_bus_terminal_coin_coin_coin
鳥丸定期観光バス乗り場コインロッカー,torimaruguchi_regular_sightseeing_bus_terminal_coin_coin_coin
鳥丸口観光バス乗り場コインロッカー,torimaruguchi_regular_sightseeing_bus_terminal_coin_coin_coin
鳥丸観光バス乗り場コインロッカー,torimaruguchi_regular_sightseeing_bus_terminal_coin_coin_coin
観光バス乗り場コインロッカー,torimaruguchi_regular_sightseeing_bus_terminal_coin_coin_coin
中央改札内コインロッカー,coin_lockers_at_the_central_ticket_gate
中央改札コインロッカー,coin_lockers_at_the_central_ticket_gate
地下一階コインロッカー,coin_locker_on_the_first_basement_f
地下一階Fコインロッカー,coin_locker_on_the_first_basement_f
地下Fコインロッカー,coin_locker_on_the_first_basement_f
地下コインロッカー,coin_locker_on_the_first_basement_f
地下鉄南改札口コインロッカー,coin_lockers_at_the_south_exit_of_the_subway
地下鉄南改札コインロッカー,coin_lockers_at_the_south_exit_of_the_subway
"JR地下改札内8,9番線コインロッカー",coin_lockers_on_platform_8_and_9_inside_the_jr_underground_ticket_gate
JR地下改札内8,coin_lockers_on_platform_8_and_9_inside_the_jr_underground_ticket_gate
9番線コインロッカー,coin_lockers_on_platform_8_and_9_inside_the_jr_underground_ticket_gate
JR地下改札内8番線コインロッカー,coin_lockers_on_platform_8_and_9_inside_the_jr_underground_ticket_gate
JR地下改札内9番線コインロッカー,coin_lockers_on_platform_8_and_9_inside_the_jr_underground_ticket_gate
JR地下東口改札外コインロッカー,coin_operated_lockers_outside_the_ticket_gate_of_the_jr_underground_east_exit
A1出口コインロッカー,coin_lockers_at_the_a1_exit
A1コインロッカー,coin_lockers_at_the_a1_exit
A3出口コインロッカー,a3_exit_coin_coin_coin_coin
A3コインロッカー,a3_exit_coin_coin_coin_coin
B7出口コインロッカー,b7_exit_coin_coin_coin
B7コインロッカー,b7_exit_coin_coin_coin
C1出口コインロッカー,coin_locker_at_c1_exit
C1コインロッカー,coin_locker_at_c1_exit
C3出口コインロッカー,coin_locker_at_c3_exit
C3コインロッカー,coin_locker_at_c3_exit
C9出口コインロッカー,coin_locker_at_c9_exit
C9コインロッカー,coin_locker_at_c9_exit
B8出口コインロッカー,b8_outlet_coin_lockers
B8コインロッカー,b8_outlet_coin_lockers
B12階段横コインロッカー,b_12_stair_side_coin_locker
1番出口コインロッカー,coin_locker_at_the_exit_1
2番出口コインロッカー,coin_locker_at_the_second_exit
北改札コインロッカー,coin_lockers_at_the_north_ticket_gate
多機能トイレ,multifunctional_toilet
トイレ,multifunctional_toilet
京都駅烏丸口,karasuma_exit_of_kyoto_station_bus
烏丸口,karasuma_exit_of_kyoto_station_bus
京都駅八条口バス乗り場,kyoto_station_hachijoguchi_bus_stop
八条口バス乗り場,kyoto_station_hachijoguchi_bus_stop
京都駅烏丸口 JRバスのりば,karasuma_exit_of_kyoto_station_jr_bus_stop
京都駅烏丸口JRバスのりば,karasuma_exit_of_kyoto_station_jr_bus_stop
烏丸口JRバスのりば,karasuma_exit_of_kyoto_station_jr_bus_stop
京都駅八条口 (民営バス・高速バス) F3のりば,kyoto_station_hachijo_exit_private_buses_and_highway_buses_platform_f3
京都駅八条口民営バス高速バスF3のりば,kyoto_station_hachijo_exit_private_buses_and_highway_buses_platform_f3
八条口民営バス高速バスF3のりば,kyoto_station_hachijo_exit_private_buses_and_highway_buses_platform_f3
八条口バスF3のりば,kyoto_station_hachijo_exit_private_buses_and_highway_buses_platform_f3
京都定期観光バス 京都駅烏丸口バスターミナル,kyoto_regular_tour_bus_kyoto_station_karasuma_exit_bus_terminal
京都定期観光バス京都駅烏丸口バスターミナル,kyoto_regular_tour_bus_kyoto_station_karasuma_exit_bus_terminal
定期観光バス京都駅烏丸口バスターミナル,kyoto_regular_tour_bus_kyoto_station_karasuma_exit_bus_terminal
定期観光バス烏丸口バスターミナル,kyoto_regular_tour_bus_kyoto_station_karasuma_exit_bus_terminal
空港リムジンバス乗り場,airport_limousine_bus_stop
京都駅八条口E1バスのりば,kyoto_station_hachijo_exit_kay_look_e1_bus_stop
京都駅八条口ケイルックE1バスのりば,kyoto_station_hachijo_exit_kay_look_e1_bus_stop
八条口ケイルックE1バスのりば,kyoto_station_hachijo_exit_kay_look_e1_bus_stop
Willer夜行バス 八条口バス停,willer_night_bus_hachijoguchi_bus_stop
Willer夜行バス八条口バス停,willer_night_bus_hachijoguchi_bus_stop
夜行バス八条口バス停,willer_night_bus_hachijoguchi_bus_stop
京都駅八条口 (伊丹空港リムジンバス) G3のりば,kyoto_station_hachijo_exit_itami_airport_limousine_bus_g3_noriba
京都駅八条口伊丹空港リムジンバスG3のりば,kyoto_station_hachijo_exit_itami_airport_limousine_bus_g3_noriba
八条口伊丹空港リムジンバスG3のりば,kyoto_station_hachijo_exit_itami_airport_limousine_bus_g3_noriba
京都駅八条口東側バスのりば,kyoto_station_hachijoguchi_east_bus_stop
八条口東側バスのりば,kyoto_station_hachijoguchi_east_bus_stop
京都観光バス駅,kyoto_kanko_bus_station
観光バス駅,kyoto_kanko_bus_station
京都駅八条口E2のりば,kyoto_station_hachijo_exit_princess_line_bus_e2_noriba
京都駅八条口プリンセスラインバスE2のりば,kyoto_station_hachijo_exit_princess_line_bus_e2_noriba
八条口プリンセスラインバスE2のりば,kyoto_station_hachijo_exit_princess_line_bus_e2_noriba
都駅八条口のりば,toei_station_hachijo_exit_private_bus_noriba
京都駅八条口民営バスのりば,toei_station_hachijo_exit_private_bus_noriba
八条口民営バスのりば,toei_station_hachijo_exit_private_bus_noriba
京都駅八条口バスのりば,kyoto_station_hachijoguchi_bus_stop
八条口バスのりば,kyoto_station_hachijoguchi_bus_stop
京都駅八条口 (関空リムジンバス) H2のりば,kyoto_station_hachijo_exit_kansai_airport_limousine_bus_h2_noriba
京都駅八条口関空リムジンバスH2のりば,kyoto_station_hachijo_exit_kansai_airport_limousine_bus_h2_noriba
八条口関空リムジンバスH2のりば,kyoto_station_hachijo_exit_kansai_airport_limousine_bus_h2_noriba
京都駅八条口F1のりば,kyoto_station_hachijo_exit_city_bus_f1_platform
京都駅八条口市バスF1のりば,kyoto_station_hachijo_exit_city_bus_f1_platform
八条口市バスF1のりば,kyoto_station_hachijo_exit_city_bus_f1_platform
京都駅八条口アバンティ前H5のりば,kyoto_station_hachijoguchi_avanti_mae_city_bus_platform_h5
京都駅八条口アバンティ前市バスH5のりば,kyoto_station_hachijoguchi_avanti_mae_city_bus_platform_h5
八条口アバンティ前市バスH5のりば,kyoto_station_hachijoguchi_avanti_mae_city_bus_platform_h5
京阪バス京都定期観光バス,keihan_bus_co_ltd_kyoto_regular_tour_bus
京阪バス（株）京都定期観光バス,keihan_bus_co_ltd_kyoto_regular_tour_bus
京都駅八条口F2のりば,kyoto_station_hachijo_exit_city_bus_f2_noriba
京都駅八条口市バスF2のりば,kyoto_station_hachijo_exit_city_bus_f2_noriba
八条口市バスF2のりば,kyoto_station_hachijo_exit_city_bus_f2_noriba
京都駅烏丸口 (高速バス) JR1のりば,karasuma_exit_of_kyoto_station_express_bus_jr_platform_1
京都駅烏丸口高速バスJR1のりば,karasuma_exit_of_kyoto_station_express_bus_jr_platform_1
烏丸口高速バスJR1のりば,karasuma_exit_of_kyoto_station_express_bus_jr_platform_1
京都駅烏丸口 (高速バス) JR2のりば,karasuma_exit_of_kyoto_station_express_bus_jr_platform_2
京都駅烏丸口高速バスJR2のりば,karasuma_exit_of_kyoto_station_express_bus_jr_platform_2
烏丸口高速バスJR2のりば,karasuma_exit_of_kyoto_station_express_bus_jr_platform_2
京都駅八条口貸切バス乗降場,kyoto_station_hachijoguchi_private_bus_stop
八条口貸切バス乗降場,kyoto_station_hachijoguchi_private_bus_stop
京都駅前A2のりば,platform_a2_in_front_of_kyoto_station_city_bus
京都駅前市バスA2のりば,platform_a2_in_front_of_kyoto_station_city_bus
駅前市バスA2のりば,platform_a2_in_front_of_kyoto_station_city_bus
京都駅前A3 のりば,kyoto_ekimae_city_bus_platform_a3
京都駅前市バスA3のりば,kyoto_ekimae_city_bus_platform_a3
駅前市バスA3のりば,kyoto_ekimae_city_bus_platform_a3
京都駅八条口H3おりば,kyoto_station_hachijo_exit_private_bus_h3_obori
京都駅八条口民営バスH3おりば,kyoto_station_hachijo_exit_private_bus_h3_obori
八条口民営バスH3おりば,kyoto_station_hachijo_exit_private_bus_h3_obori
京都駅前A1のりば,platform_a1_in_front_of_kyoto_station_city_bus
京都駅前市バスA1のりば,platform_a1_in_front_of_kyoto_station_city_bus
駅前市バスA1のりば,platform_a1_in_front_of_kyoto_station_city_bus
京都駅前C2のりば,kyoto_station_keihan_bus_tankai_kotsu_bus_c2_noriba
京都駅前京阪バス丹海交通バスC2のりば,kyoto_station_keihan_bus_tankai_kotsu_bus_c2_noriba
駅前京阪バス丹海交通バスC2のりば,kyoto_station_keihan_bus_tankai_kotsu_bus_c2_noriba
京都駅八条口H4のりば,kyoto_station_hachijo_exit_private_bus_h4_noriba
京都駅八条口民営バスH4のりば,kyoto_station_hachijo_exit_private_bus_h4_noriba
八条口民営バスH4のりば,kyoto_station_hachijo_exit_private_bus_h4_noriba
都駅八条口アバンティ前I2のりば,miyako_station_hachijoguchi_avanti_mae_city_bus_platform_i2
京都駅八条口アバンティ前市バスI2のりば,miyako_station_hachijoguchi_avanti_mae_city_bus_platform_i2
八条口アバンティ前市バスI2のりば,miyako_station_hachijoguchi_avanti_mae_city_bus_platform_i2
京都駅八条口G2のりば,kyoto_station_hachijo_exit_express_bus_g2_noriba
京都駅八条口高速バスG2のりば,kyoto_station_hachijo_exit_express_bus_g2_noriba
八条口高速バスG2のりば,kyoto_station_hachijo_exit_express_bus_g2_noriba
京都駅八条口アバンティ前H7のりば,kyoto_station_hachijoguchi_avanti_mae_city_bus_platform_h7
京都駅八条口アバンティ前市バスH7のりば,kyoto_station_hachijoguchi_avanti_mae_city_bus_platform_h7
八条口アバンティ前市バスH7のりば,kyoto_station_hachijoguchi_avanti_mae_city_bus_platform_h7
アバンティ前市バスH7のりば,kyoto_station_hachijoguchi_avanti_mae_city_bus_platform_h7
京都駅前B1のりば,platform_b1_in_front_of_kyoto_station_city_bus
京都駅前市バスB1のりば,platform_b1_in_front_of_kyoto_station_city_bus
駅前市バスB1のりば,platform_b1_in_front_of_kyoto_station_city_bus
京都駅烏丸口 (一般)タクシーのりば,karasuma_exit_of_kyoto_station_general
京都駅烏丸口一般タクシーのりば,karasuma_exit_of_kyoto_station_general
烏丸口一般タクシーのりば,karasuma_exit_of_kyoto_station_general
MKタクシー 京都駅八条口のりば,mk_taxi_kyoto_station_hachijoguchi_noriba
MKタクシー京都駅八条口のりば,mk_taxi_kyoto_station_hachijoguchi_noriba
MKタクシー八条口のりば,mk_taxi_kyoto_station_hachijoguchi_noriba
京都駅八条口タクシー乗り場,kyoto_station_hachijoguchi_taxi_stand
八条口タクシー乗り場,kyoto_station_hachijoguchi_taxi_stand
京都駅烏丸口 タクシーおりば,karasuma_exit_of_kyoto_station_taxi_oriba
京都駅烏丸口タクシーおりば,karasuma_exit_of_kyoto_station_taxi_oriba
烏丸口タクシーおりば,karasuma_exit_of_kyoto_station_taxi_oriba
三菱UFJ銀行京都駅前支店,btmu_kyoto_ekimae_branch
三菱UFJ銀行京都駅支店,btmu_kyoto_ekimae_branch
三菱UFJ銀行,btmu_kyoto_ekimae_branch
三菱UFJ,btmu_kyoto_ekimae_branch
京都銀行 京都駅前支店,kyoto_bank_kyoto_ekimae_branch
京都銀行京都駅支店,kyoto_bank_kyoto_ekimae_branch
京都銀行,kyoto_bank_kyoto_ekimae_branch
スルガ銀行 京都支店,suruga_bank_kyoto_branch
スルガ銀行京都支店,suruga_bank_kyoto_branch
スルガ銀行,suruga_bank_kyoto_branch
京都中央信用金庫 八条口支店,hachijoguchi_branch_kyoto_chuo_shinkin_bank
京都中央信用金庫八条口支店,hachijoguchi_branch_kyoto_chuo_shinkin_bank
京都中央信用金庫,hachijoguchi_branch_kyoto_chuo_shinkin_bank
ゆうちょ銀行大阪支店ビックカメラＪＲ京都駅店内出張所,japan_post_bank_osaka_branch_bic_camera_jr_kyoto_station_store_branch
ゆうちょ銀行ビックカメラ京都駅,japan_post_bank_osaka_branch_bic_camera_jr_kyoto_station_store_branch
ゆうちょビックカメラ駅店内,japan_post_bank_osaka_branch_bic_camera_jr_kyoto_station_store_branch
三菱UFJ銀行 ATMコーナー ジェイアール京都伊勢丹,mitsubishi_ufj_bank_atm_corner_jr_kyoto_isetan
三菱UFJ銀行ATMコーナージェイアール京都伊勢丹,mitsubishi_ufj_bank_atm_corner_jr_kyoto_isetan
三菱UFJ銀行ATM伊勢丹,mitsubishi_ufj_bank_atm_corner_jr_kyoto_isetan
三井住友銀行 JR京都駅出張所,sumitomo_mitsui_banking_corporation_jr_kyoto_station_representative_office
三井住友銀行JR京都駅出張所,sumitomo_mitsui_banking_corporation_jr_kyoto_station_representative_office
三井住友銀行京都駅,sumitomo_mitsui_banking_corporation_jr_kyoto_station_representative_office
三井住友京都駅,sumitomo_mitsui_banking_corporation_jr_kyoto_station_representative_office
ゆうちょ銀行大阪支店ＪＲ京都駅内出張所,yucho_bank_osaka_branch_jr_kyoto_station_sub_branch
ゆうちょ銀行京都駅,yucho_bank_osaka_branch_jr_kyoto_station_sub_branch
ゆうちょ駅内,yucho_bank_osaka_branch_jr_kyoto_station_sub_branch
りそな銀行 JR京都駅出張所 無人ATM,resona_bank_atms_at_the_jr_kyoto_station_branch
りそな銀行JR京都駅出張所無人ATM,resona_bank_atms_at_the_jr_kyoto_station_branch
りそな銀行京都駅ATM,resona_bank_atms_at_the_jr_kyoto_station_branch
りそな駅ATM,resona_bank_atms_at_the_jr_kyoto_station_branch
三菱UFJ銀行ATMコーナー ＪＲ京都駅,mitsubishi_ufj_bank_atm_corner_jr_kyoto_station
三菱UFJ銀行ATMコーナーＪＲ京都駅,mitsubishi_ufj_bank_atm_corner_jr_kyoto_station
三菱UFJ銀行ATM京都駅,mitsubishi_ufj_bank_atm_corner_jr_kyoto_station
みずほ銀行ATM 京都駅八条口出張所,mizuho_bank_atm_kyoto_station_hachijoguchi_sub_branch
みずほ銀行ATM京都駅八条口出張所,mizuho_bank_atm_kyoto_station_hachijoguchi_sub_branch
みずほ銀行ATM京都駅八条口,mizuho_bank_atm_kyoto_station_hachijoguchi_sub_branch
みずほ銀行ATM八条口,mizuho_bank_atm_kyoto_station_hachijoguchi_sub_branch
みずほATM八条口,mizuho_bank_atm_kyoto_station_hachijoguchi_sub_branch
ゆうちょ銀行大阪支店 近鉄京都駅構内出張所,yucho_bank_osaka_branch_kintetsu_kyoto_station_branch_office
ゆうちょ銀行大阪支店近鉄京都駅構内出張所,yucho_bank_osaka_branch_kintetsu_kyoto_station_branch_office
ゆうちょ銀行近鉄京都駅構内,yucho_bank_osaka_branch_kintetsu_kyoto_station_branch_office
ゆうちょ銀行近鉄駅構内,yucho_bank_osaka_branch_kintetsu_kyoto_station_branch_office
ゆうちょ近鉄駅構内,yucho_bank_osaka_branch_kintetsu_kyoto_station_branch_office
イオン銀行ATM 近鉄京都駅１Ｆ名店街出張所,aeon_bank_atm_meitengai_branch_office_1st_floor_of_kintetsu_kyoto_station
イオン銀行ATM近鉄京都駅1F名店街出張所,aeon_bank_atm_meitengai_branch_office_1st_floor_of_kintetsu_kyoto_station
イオン銀行ATM近鉄京都駅1F名店街,aeon_bank_atm_meitengai_branch_office_1st_floor_of_kintetsu_kyoto_station
イオン銀行ATM名店街,aeon_bank_atm_meitengai_branch_office_1st_floor_of_kintetsu_kyoto_station
京都信用金庫,kyoto_shinkin_bank
イオン銀行,aeon_bank
三井住友銀行,sumitomo_mitsui_banking_corporation
京都中央信用金庫,kyoto_chuo_shinkin_bank
ゆうちょ銀行,japan_post_bank
ゆうちょ,japan_post_bank
南都銀行,nanto_bank
京都銀行,kyoto_bank
滋賀銀行,shiga_bank
京都信用金庫 近鉄名店街みやこみち出張所,miyakomichi_sub_branch_kintetsu_meiyatengai_kyoto_shinkin_bank
京都信用金庫近鉄名店街みやこみち出張所,miyakomichi_sub_branch_kintetsu_meiyatengai_kyoto_shinkin_bank
京都信用金庫近鉄名店街みやこみち,miyakomichi_sub_branch_kintetsu_meiyatengai_kyoto_shinkin_bank
京都信用金庫名店街みやこみち,miyakomichi_sub_branch_kintetsu_meiyatengai_kyoto_shinkin_bank
セブン‐イレブンハートインJR京都駅地下東口,seven_eleven_heart_inn_jr_kyoto_station_underground_east_exit
セブンイレブンハートインJR京都駅地下東口,seven_eleven_heart_inn_jr_kyoto_station_underground_east_exit
ハートインJR京都駅地下東口,seven_eleven_heart_inn_jr_kyoto_station_underground_east_exit
ハートイン地下東口,seven_eleven_heart_inn_jr_kyoto_station_underground_east_exit
セブンイレブンハートイン地下東口,seven_eleven_heart_inn_jr_kyoto_station_underground_east_exit
セブンイレブン地下東口,seven_eleven_heart_inn_jr_kyoto_station_underground_east_exit
セブン地下東口,seven_eleven_heart_inn_jr_kyoto_station_underground_east_exit
セブン-イレブン キヨスクＪＲ京都駅西口改札内店,seven_eleven_kiosk_jr_kyoto_station_west_entrance_ticket_entrance
セブンイレブンキヨスクＪＲ京都駅西口改札内店,seven_eleven_kiosk_jr_kyoto_station_west_entrance_ticket_entrance
キヨスクＪＲ京都駅西口改札内店,seven_eleven_kiosk_jr_kyoto_station_west_entrance_ticket_entrance
キヨスク西口改札内店,seven_eleven_kiosk_jr_kyoto_station_west_entrance_ticket_entrance
セブンイレブンキヨスク西口改札内店,seven_eleven_kiosk_jr_kyoto_station_west_entrance_ticket_entrance
セブンイレブン西口改札内店,seven_eleven_kiosk_jr_kyoto_station_west_entrance_ticket_entrance
セブン西口改札内店,seven_eleven_kiosk_jr_kyoto_station_west_entrance_ticket_entrance
セブン-イレブン キヨスクＪＲ京都駅0番のりば東店,seven_eleven_kiosk_jr_kyoto_station_platform_0_higashi
セブンイレブンキヨスクＪＲ京都駅0番のりば東店,seven_eleven_kiosk_jr_kyoto_station_platform_0_higashi
キヨスクＪＲ京都駅0番のりば東店,seven_eleven_kiosk_jr_kyoto_station_platform_0_higashi
キヨスク0番のりば東店,seven_eleven_kiosk_jr_kyoto_station_platform_0_higashi
セブンイレブンキヨスク0番のりば東店,seven_eleven_kiosk_jr_kyoto_station_platform_0_higashi
セブンイレブン0番のりば東店,seven_eleven_kiosk_jr_kyoto_station_platform_0_higashi
セブン0番のりば東店,seven_eleven_kiosk_jr_kyoto_station_platform_0_higashi
セブン-イレブン キヨスクＪＲ京都駅0番のりば西店,seven_eleven_kiosk_jr_kyoto_station_platform_0_nishi
セブンイレブンキヨスクＪＲ京都駅0番のりば西店,seven_eleven_kiosk_jr_kyoto_station_platform_0_nishi
キヨスクＪＲ京都駅0番のりば西店,seven_eleven_kiosk_jr_kyoto_station_platform_0_nishi
キヨスク0番のりば西店,seven_eleven_kiosk_jr_kyoto_station_platform_0_nishi
セブンイレブンキヨスク0番のりば西店,seven_eleven_kiosk_jr_kyoto_station_platform_0_nishi
セブンイレブン0番のりば西店,seven_eleven_kiosk_jr_kyoto_station_platform_0_nishi
セブン0番のりば西店,seven_eleven_kiosk_jr_kyoto_station_platform_0_nishi
セブン-イレブン ハートインＪＲ京都駅東塩小路店,seven_eleven_heart_inn_jr_kyoto_station_higashi_shiokoji
セブンイレブンハートインＪＲ京都駅東塩小路店,seven_eleven_heart_inn_jr_kyoto_station_higashi_shiokoji
ハートインＪＲ京都駅東塩小路店,seven_eleven_heart_inn_jr_kyoto_station_higashi_shiokoji
ハートイン東塩小路店,seven_eleven_heart_inn_jr_kyoto_station_higashi_shiokoji
セブンイレブンハートイン東塩小路店,seven_eleven_heart_inn_jr_kyoto_station_higashi_shiokoji
セブンイレブン東塩小路店,seven_eleven_heart_inn_jr_kyoto_station_higashi_shiokoji
セブン東塩小路店,seven_eleven_heart_inn_jr_kyoto_station_higashi_shiokoji
セブン-イレブン ハートインＪＲ京都駅中央改札口店,seven_eleven_heart_inn_jr_kyoto_station_central_ticket_gate
セブンイレブンハートインＪＲ京都駅中央改札口店,seven_eleven_heart_inn_jr_kyoto_station_central_ticket_gate
ハートインＪＲ京都駅中央改札口店,seven_eleven_heart_inn_jr_kyoto_station_central_ticket_gate
ハートイン中央改札口店,seven_eleven_heart_inn_jr_kyoto_station_central_ticket_gate
セブンイレブンハートイン中央改札口店,seven_eleven_heart_inn_jr_kyoto_station_central_ticket_gate
セブンイレブン中央改札口店,seven_eleven_heart_inn_jr_kyoto_station_central_ticket_gate
セブン中央改札口店,seven_eleven_heart_inn_jr_kyoto_station_central_ticket_gate
セブン-イレブン ハートインＪＲ京都駅東口改札内店,seven_eleven_heart_inn_jr_kyoto_station_east_entrance_ticket_entrance
セブンイレブンハートインＪＲ京都駅東口改札内店,seven_eleven_heart_inn_jr_kyoto_station_east_entrance_ticket_entrance
ハートインＪＲ京都駅東口改札内店,seven_eleven_heart_inn_jr_kyoto_station_east_entrance_ticket_entrance
ハートイン東口改札内店,seven_eleven_heart_inn_jr_kyoto_station_east_entrance_ticket_entrance
セブンイレブンハートイン東口改札内店,seven_eleven_heart_inn_jr_kyoto_station_east_entrance_ticket_entrance
セブンイレブン東口改札内店,seven_eleven_heart_inn_jr_kyoto_station_east_entrance_ticket_entrance
セブン東口改札内店,seven_eleven_heart_inn_jr_kyoto_station_east_entrance_ticket_entrance
セブン-イレブン ハートイン京都地下鉄京都駅南口店,seven_eleven_heart_inn_kyoto_subway_kyoto_station_south_entrance
セブンイレブンハートイン京都地下鉄京都駅南口店,seven_eleven_heart_inn_kyoto_subway_kyoto_station_south_entrance
ハートイン京都地下鉄京都駅南口店,seven_eleven_heart_inn_kyoto_subway_kyoto_station_south_entrance
ハートイン地下鉄京都駅南口店,seven_eleven_heart_inn_kyoto_subway_kyoto_station_south_entrance
セブンイレブンハートイン地下鉄京都駅南口店,seven_eleven_heart_inn_kyoto_subway_kyoto_station_south_entrance
セブンイレブン地下鉄京都駅南口店,seven_eleven_heart_inn_kyoto_subway_kyoto_station_south_entrance
セブン地下鉄京都駅南口店,seven_eleven_heart_inn_kyoto_subway_kyoto_station_south_entrance
セブン-イレブン キヨスクＪＲ京都駅2番のりば店,seven_eleven_kiosk_jr_kyoto_station_platform_2
セブンイレブンキヨスクＪＲ京都駅2番のりば店,seven_eleven_kiosk_jr_kyoto_station_platform_2
キヨスクＪＲ京都駅2番のりば店,seven_eleven_kiosk_jr_kyoto_station_platform_2
キヨスク2番のりば店,seven_eleven_kiosk_jr_kyoto_station_platform_2
セブンイレブンキヨスク2番のりば店,seven_eleven_kiosk_jr_kyoto_station_platform_2
セブンイレブン2番のりば店,seven_eleven_kiosk_jr_kyoto_station_platform_2
セブン2番のりば店,seven_eleven_kiosk_jr_kyoto_station_platform_2
セブン-イレブン キヨスクＪＲ京都駅4番のりば店,seven_eleven_kiosk_jr_kyoto_station_platform_4
セブンイレブンキヨスクＪＲ京都駅4番のりば店,seven_eleven_kiosk_jr_kyoto_station_platform_4
キヨスクＪＲ京都駅4番のりば店,seven_eleven_kiosk_jr_kyoto_station_platform_4
キヨスク4番のりば店,seven_eleven_kiosk_jr_kyoto_station_platform_4
セブンイレブンキヨスク4番のりば店,seven_eleven_kiosk_jr_kyoto_station_platform_4
セブンイレブン4番のりば店,seven_eleven_kiosk_jr_kyoto_station_platform_4
セブン4番のりば店,seven_eleven_kiosk_jr_kyoto_station_platform_4
セブン-イレブン キヨスクＪＲ京都駅30番のりば店,seven_eleven_kiosk_jr_kyoto_station_no_30_bus_stop
セブンイレブンキヨスクＪＲ京都駅30番のりば店,seven_eleven_kiosk_jr_kyoto_station_no_30_bus_stop
キヨスクＪＲ京都駅30番のりば店,seven_eleven_kiosk_jr_kyoto_station_no_30_bus_stop
キヨスク30番のりば店,seven_eleven_kiosk_jr_kyoto_station_no_30_bus_stop
セブンイレブンキヨスク30番のりば店,seven_eleven_kiosk_jr_kyoto_station_no_30_bus_stop
セブンイレブン30番のりば店,seven_eleven_kiosk_jr_kyoto_station_no_30_bus_stop
セブン30番のりば店,seven_eleven_kiosk_jr_kyoto_station_no_30_bus_stop
ファミリーマート京都駅前店,family_mart_kyoto_ekimae
ファミリーマート駅前店,family_mart_kyoto_ekimae
ファミマ駅前店,family_mart_kyoto_ekimae
ローソン 京都駅東塩小路店,lawson_kyoto_station_higashi_shiokoji
ローソン京都駅東塩小路店,lawson_kyoto_station_higashi_shiokoji
ローソン東塩小路店,lawson_kyoto_station_higashi_shiokoji
セブン-イレブン京都東洞院七条店,seven_eleven_kyoto_higashinotoin_shichijo
セブンイレブン京都東洞院七条店,seven_eleven_kyoto_higashinotoin_shichijo
セブンイレブン東洞院七条店,seven_eleven_kyoto_higashinotoin_shichijo
セブン東洞院七条店,seven_eleven_kyoto_higashinotoin_shichijo
ファミリーマート京都タワー前店,family_mart_kyoto_tower_mae
ファミマ京都タワー前店,family_mart_kyoto_tower_mae
ローソン 烏丸七条店,lawson_karasuma_shichijo
ローソン烏丸七条店,lawson_karasuma_shichijo
ローソン 新京都センタービル店,lawson_new_kyoto_center_building
ローソン京都センタービル店,lawson_new_kyoto_center_building
セブン-イレブン下京区役所前店,seven_eleven_shimogyo_kuyakushomae
セブンイレブン下京区役所前店,seven_eleven_shimogyo_kuyakushomae
セブンイレブン区役所前店,seven_eleven_shimogyo_kuyakushomae
セブン区役所前店,seven_eleven_shimogyo_kuyakushomae
セブン‐イレブン 京都堀川塩小路南店,seven_eleven_kyoto_horikawa_shiokoji_minami
セブンイレブン京都堀川塩小路南店,seven_eleven_kyoto_horikawa_shiokoji_minami
セブンイレブン堀川塩小路南店,seven_eleven_kyoto_horikawa_shiokoji_minami
セブン堀川塩小路南店,seven_eleven_kyoto_horikawa_shiokoji_minami
ファミリーマート近鉄京都駅３番ホーム前店,family_mart_kintetsu_kyoto_station_platform_3
ファミマ近鉄京都駅３番ホーム前店,family_mart_kintetsu_kyoto_station_platform_3
ファミリーマート 近鉄京都駅店,family_mart_kintetsu_kyoto_station
ファミリーマート近鉄京都駅店,family_mart_kintetsu_kyoto_station
ファミマ近鉄京都駅店,family_mart_kintetsu_kyoto_station
ローソン 京都駅八条口店,lawson_kyoto_station_hachijoguchi
ローソン京都駅八条口店,lawson_kyoto_station_hachijoguchi
ローソン八条口店,lawson_kyoto_station_hachijoguchi
セブン-イレブン 京都駅八条口,seven_eleven_kyoto_station_hachijo_exit
セブンイレブン京都駅八条口,seven_eleven_kyoto_station_hachijo_exit
セブンイレブン八条口,seven_eleven_kyoto_station_hachijo_exit
セブン八条口,seven_eleven_kyoto_station_hachijo_exit
セブン-イレブン 京都八条通東店,seven_eleven_kyoto_hachijo_dori_higashi
セブンイレブン京都八条通東店,seven_eleven_kyoto_hachijo_dori_higashi
セブンイレブン八条通東店,seven_eleven_kyoto_hachijo_dori_higashi
セブン八条通東店,seven_eleven_kyoto_hachijo_dori_higashi
セブン-イレブン ７ＦＳ京阪バス京都駅八条口店,seven_eleven_7fs_keihan_bus_kyoto_eki_hachijoguchi
セブンイレブン７ＦＳ京阪バス京都駅八条口店,seven_eleven_7fs_keihan_bus_kyoto_eki_hachijoguchi
セブンイレブン７ＦＳ京阪バス八条口店,seven_eleven_7fs_keihan_bus_kyoto_eki_hachijoguchi
セブン７ＦＳ京阪バス八条口店,seven_eleven_7fs_keihan_bus_kyoto_eki_hachijoguchi
ローソン 竹田街道針小路店,lawson_takeda_kaido_hari_koji
ローソン竹田街道針小路店,lawson_takeda_kaido_hari_koji
デイリーヤマザキ烏丸八条口店,daily_yamazaki_karasuma_hachijoguchi
デイリー烏丸八条口店,daily_yamazaki_karasuma_hachijoguchi
ファミリーマート 烏丸八条口店,family_mart_karasuma_hachijoguchi
ファミリーマート烏丸八条口店,family_mart_karasuma_hachijoguchi
ファミマ烏丸八条口店,family_mart_karasuma_hachijoguchi
牛たん 伊之助,gyutan_inosuke
牛たん伊之助,gyutan_inosuke
伊之助,gyutan_inosuke
先斗入ル,pontoiru
京料理 栄寿庵,kyoto_cuisine_eijuan
京料理栄寿庵,kyoto_cuisine_eijuan
栄寿庵,kyoto_cuisine_eijuan
八丁味處 串の坊,kushinobou
八丁味處串の坊,kushinobou
串の坊,kushinobou
京都ことこと,kyoto_simmers
ことこと,kyoto_simmers
名代とんかつ かつくら,katsukura
名代とんかつかつくら,katsukura
かつくら,katsukura
キッチン ゴン,kitchen_gon
キッチンゴン,kitchen_gon
ゴン,kitchen_gon
京・四条 田ごと,kyoto_tagoto
京四条田ごと,kyoto_tagoto
田ごと,kyoto_tagoto
京都 錦わらい,kyoto_brocade_smile
京都錦わらい,kyoto_brocade_smile
錦わらい,kyoto_brocade_smile
ヴィ・ド・フランス,vi_do_and_france
ジェラート ピケ カフェ ビオ コンセプト,gelato_a_picket_a_cafe_biot_concept
ジェラートピケカフェビオコンセプト,gelato_a_picket_a_cafe_biot_concept
葵茶屋,bamboo_plate_dish_aoi_jaya
和幸,fried_pork_cutlet_wako
京都和久傳,kyoto_style_food_kyoto_wakuden
和久傳,kyoto_style_food_kyoto_wakuden
モレット,egg_dish_mollette
アンティカフェ,italian_food_ante_cafe
點心茶室,chinese_food_tenshin_chashitsu
美々卯,noodles_and_soba_mimiu
天一,tempura_ten_ichi
西櫻亭,western_food_sei_oh_tei
神戸カプチーノ倶楽部,open_air_cafe_kobe_cappuccino_club
美菜莉,south_korea_home_cooking_minari
京豆腐不二乃,tofu_dish_kyotofu_fujino
不二乃,tofu_dish_kyotofu_fujino
築地寿司清,sushi_tsukiji_sushi_kiyoshi
モリタ屋,quick_meat_and_vegetable_stew_shabu_shabu_and_oil_baking_moritaya
松山閣,sheet_of_dried_soybean_casein_and_capital_rape_in_season_shozankaku
ラバロックグリル テルメキョウト,lava_rock_grill_terme_kyoto
ラバロックグリルテルメキョウト,lava_rock_grill_terme_kyoto
テルメ,lava_rock_grill_terme_kyoto
加賀屋,open_view_restaurant_kagaya
市場小路,open_view_restaurant_ichiba_koji
ザキッチン サルヴァトーレ・クオモ,open_view_restaurant_the_kitchen_salvatore_and_kuomo
ザキッチンサルヴァトーレ・クオモ,open_view_restaurant_the_kitchen_salvatore_and_kuomo
炭火串焼きこけこっこ,open_view_restaurant_charcoal_spit_roasted_kokekokko
こけこっこ,open_view_restaurant_charcoal_spit_roasted_kokekokko
柿安三尺三寸箸,open_view_restaurant_kakiyasu_sanjaku_sanzunbashi
三尺三寸箸,open_view_restaurant_kakiyasu_sanjaku_sanzunbashi
カントリーハウス英國屋,country_house_eikokuya
英國屋,country_house_eikokuya
フラッグスカフェ,furaggusukafe
ブラウニーズクラブ,brownies_club
マールブランシュ,malebranche
茶寮都路里,saryo_tsujiri
都路里,saryo_tsujiri
はしたて,hashitate
中村藤吉本店 京都駅店,nkamura_tokichi_honten
中村藤吉本店京都駅店,nkamura_tokichi_honten
中村藤吉本店,nkamura_tokichi_honten
オステリア サクラ,osteria_sakura
白樺山荘,sapporo_shirakaba_sansou
東横,niigata_touyoko
大勝軒,tokyo_higashi_ikebukuro_taishoken
阪内食堂,fukushima_kitakata_ramen_bannai_shokudo
麺屋いろは,toyama_men_ya_iroha
いろは,toyama_men_ya_iroha
ますたに,kyoto_ginkakuji_masutani
きんせい,osaka_the_cause_which_isn't_put_on
ラーメン東大,tokushima_ramen_todai
博多一幸舎,hakata_hakata_ikkousha
一幸舎,hakata_hakata_ikkousha
グリルキャピタル 東洋亭,grill_capital_oriental_bower
東洋亭,grill_capital_oriental_bower
京料理 萬重,kyoto_cuisine_manshige
京料理萬重,kyoto_cuisine_manshige
萬重,kyoto_cuisine_manshige
銀座ハゲ天,ginza_hageten
ハゲ天,ginza_hageten
こなな,conana
洋麺屋五右衛門,yomenya_goemon
五右衛門,yomenya_goemon
ドトールコーヒーショップ,doutor
モンテロマーノ,monte_romano
スープストックトーキョー,soup_gilly_flower_tokyo
冨士屋,fujiya
串かふぇ 凡凡屋,kushicafe_bonbonya
凡凡屋,kushicafe_bonbonya
めん、色いろ。いつでも、おやつ,men_iroiro_itsudemo_oyatsu
ワイアードカフェ,wired_cafe
スターバックス コーヒー,starbucks
ナナズグリーンティー,nanazugurinti
だし茶漬け えん,dashicyazuke_en
えん,dashicyazuke_en
コリアンキッチン　シジャン,korean_foods_shijan
シジャン,korean_foods_shijan
京阿月,kyoazuki
とんかつ KYK,pork_cutlet_kyk
KYK,pork_cutlet_kyk
お好み焼き 町や。,okonomiyaki_machiya
お好み焼き 町や,okonomiyaki_machiya
町や,okonomiyaki_machiya
味彩や,ajisaiya
サー・トーマス・リプトン,sir_thomas_lipton
マルモキッチン,marumo_kitchen
四川餐館,shisen_sankan_the_can_which_is_done_and_isn't_composed
杵屋,kineya
らーめん かんじん堂 熊五郎,ramen_kanjindo_kumagoro
熊五郎,ramen_kanjindo_kumagoro
スターバックス コーヒーウエスト店,starbucks_west
イノダコーヒ,inoda_coffee
近江スエヒロ京都茶屋,omi_sue_hiro_kyoto_restaurant
近江スエヒロ,omi_sue_hiro_kyoto_restaurant
グランディール,grand_deal
味味香,taste_ajika
北極星,polaris
一風堂,ippu_hall
宮崎酒場　ゑびす,miyazaki_pub_ebisu
ゑびす,miyazaki_pub_ebisu
金沢まいもん寿司,kanazawa_performance_gate_sushi
ミスタードーナツ/パイフェイス,mister_donutpie_face
ミスタードーナツ,mister_donutpie_face
パイフェイス,mister_donutpie_face
スパイシー・マサラ,curry_shop_spicy_masara
旬彩和食 たちばな,tachibana
たちばな,tachibana
中村藤吉　京都駅店,nkamura_tokichi
中村藤吉,nkamura_tokichi
FUKUNAGA901,fukunaga901
焼き釜スイーツ 茶筅,chasen
茶筅,chasen
鉄板焼 五山望,teppanyaki_gozanbo
五山望,teppanyaki_gozanbo
ビュー&ダイニング コトシエール,view_and_dining_cotociel
スカイ ダイニング & ラウンジ サザンコート,the_sky_dining_and_lounge_southern_court
中国料理 六本木樓外樓,chinese_food_roppongi_rogairo
六本木樓外樓,chinese_food_roppongi_rogairo
ゲストハウス 塩小路楽粋,guest_house_shiokoji_rakusui
塩小路楽粋,guest_house_shiokoji_rakusui
日本料理 京都吉兆,japanese_food_kyoto_kitcho
京都吉兆,japanese_food_kyoto_kitcho
天婦羅処 京林泉,tempura_place_kyorinsen
京林泉,tempura_place_kyorinsen
日本料理 浮橋,japanese_food_ukihashi
浮橋,japanese_food_ukihashi
カフェレストラン ル・タン,a_cafe_restaurant_le_temps
ル・タン,a_cafe_restaurant_le_temps
メインバー オルビット,main_bar_orbite
ロビーラウンジ グランジュール,a_lobby_lounge_grand_jour
グランジュール,a_lobby_lounge_grand_jour
すし割烹 浮橋,sushi_japanese_style_cooking_ukihashi
浮橋,sushi_japanese_style_cooking_ukihashi
地酒焼肴 浮橋,local_sakes_baking_relish_taken_with_sake_ukihashi
浮橋,local_sakes_baking_relish_taken_with_sake_ukihashi
エスタシオンカフェ,
カフェ チェントチェント,cafe_cento_cento
チェントチェント,cafe_cento_cento
がんこ,ganko
京やさい料理 接方来,sepporai
接方来,sepporai
京都木村屋本店,kyoto_kimuraya_honten
そば酒房 徳兵衛,soba_tokube
徳兵衛,soba_tokube
竈炊き立てごはん土井,doi
土井,doi
寿しのむさし,musashi
原了郭,hararyoukaku
くらま,kurama
グリル＆ビア 京ダイニング八条,kyo_dining_hachijo
京ダイニング八条,kyo_dining_hachijo
パスタモーレ,pastamore
江戸川 京都店,edogawa_kyoto
江戸川,edogawa_kyoto
とり八,torihati
孫兵衛,magobei
おそば処　葵,osoba_dokoro_aoi
葵,osoba_dokoro_aoi
京都生そば　もり平,kyoto_kisoba_morihei
もり平,kyoto_kisoba_morihei
旬菜Dining 悠　Yu,shunsai_dining_yu
 悠　Yu,shunsai_dining_yu
すし昌,sushi_masa
四川料理 洛楽,sisenryori_rakuraku
洛楽,sisenryori_rakuraku
粋花KYK,tonkatu_suika_kyk
KYK,tonkatu_suika_kyk
アミーチ,amici
侘家三昧,wabiya_zanmai
京　とんちん亭,kyo_tonchintei
とんちん亭,kyo_tonchintei
京和食 いち藤,kyouwashoku_ichifuji
いち藤,kyouwashoku_ichifuji
GRILL AND BAR　東洋亭,grill_and_bar_toyotei
東洋亭,grill_and_bar_toyotei
ハマムラ近鉄名店街みやこみち店,hamamura_kintetsumeitengai_miyakomichiten
ハマムラ,hamamura_kintetsumeitengai_miyakomichiten
マンインザムーン 京都駅店,man_in_the_moon_kyoto_station
マンインザムーン,man_in_the_moon_kyoto_station
和カフェ 京あんじゅ,wa_cafe_kyoanju
京あんじゅ,wa_cafe_kyoanju
京喫茶 潤,kyo_kissa_jun
潤,kyo_kissa_jun
カフェ チャオプレッソ京都みやこみち店,cafe_ciao_presso
カフェ チャオプレッソ,cafe_ciao_presso
ミスタードーナツ近鉄京都ショップ,mister_donut
ミスタードーナツ,mister_donut
京都アバンティ,kyoto_avanti
アバンティ,kyoto_avanti
メルパルク京都,mielparque_kyoto
メルパルク,mielparque_kyoto
京都タワー,kyoto_tower
タワー,kyoto_tower
京都新阪急ホテル,hotel_new_hankyu_kyoto
新阪急ホテル,hotel_new_hankyu_kyoto
ホテル京阪京都グランデ,hotel_keihan_kyoto_grande
ホテル京阪,hotel_keihan_kyoto_grande
京都グランデ,hotel_keihan_kyoto_grande
イビススタイルズ 京都 ステーション,ibis_styles_kyoto_station
イビススタイルズ,ibis_styles_kyoto_station
イビススタイルズ 京都,ibis_styles_kyoto_station
京都 ステーション,ibis_styles_kyoto_station
京都タワーホテル,kyoto_tower_hotel
新・都ホテル,new_miyako_hotel
都ホテル,new_miyako_hotel
天然温泉花蛍の湯ドーミーインPREMIUM京都駅前,dormy_inn_premium_kyoto_station_front
花蛍の湯ドーミーインPREMIUM京都駅前,dormy_inn_premium_kyoto_station_front
ドーミーインPREMIUM京都駅前,dormy_inn_premium_kyoto_station_front
ドーミーインPREMIUM,dormy_inn_premium_kyoto_station_front
京都センチュリーホテル,kyoto_century_hotel
センチュリーホテル,kyoto_century_hotel
ホテル法華クラブ京都,hotel_hokke_club_kyoto
ホテル法華クラブ,hotel_hokke_club_kyoto
法華クラブ,hotel_hokke_club_kyoto
アパホテル　京都駅前,apa_hotel_kyoto_station_front
アパホテル,apa_hotel_kyoto_station_front
アパヴィラホテル 京都駅前,apa_villa_hotel_kyoto_station_front
アパヴィラホテル,apa_villa_hotel_kyoto_station_front
みどりの窓口　烏丸中央口改札東,midori_no_madoguchi_at_karasma_central_gate
みどりの窓口烏丸中央口改札東,midori_no_madoguchi_at_karasma_central_gate
みどりの窓口烏丸中央改札東,midori_no_madoguchi_at_karasma_central_gate
みどりの窓口　西口改札横,midori_no_madoguchi_at_west_gate
みどりの窓口西口改札横,midori_no_madoguchi_at_west_gate
みどりの窓口西口改札,midori_no_madoguchi_at_west_gate
みどりの窓口　西口改札内横,midori_no_madoguchi_inside_west_gate
みどりの窓口西口改札内横,midori_no_madoguchi_inside_west_gate
みどりの窓口西口改札内,midori_no_madoguchi_inside_west_gate
みどりの窓口　新幹線中央口改札,midori_no_madoguchi_at_shinkansen_central_gate
みどりの窓口新幹線中央口改札,midori_no_madoguchi_at_shinkansen_central_gate
みどりの窓口新幹線中央改札,midori_no_madoguchi_at_shinkansen_central_gate
みどりの窓口　新幹線八条口横,midori_no_madoguchi_at_shinkansen_hachijo_gate
みどりの窓口新幹線八条口横,midori_no_madoguchi_at_shinkansen_hachijo_gate
みどりの窓口新幹線八条口,midori_no_madoguchi_at_shinkansen_hachijo_gate
券売機　JR京都駅地下東口前,ticket_vending_machines_in_front_of_kyoto_station_underground_east_gate
券売機JR京都駅地下東口前,ticket_vending_machines_in_front_of_kyoto_station_underground_east_gate
券売機地下東口前,ticket_vending_machines_in_front_of_kyoto_station_underground_east_gate
京都駅ビル忘れ物問い合せセンター,lost_and_found_at_kyoto_station_building
駅ビル忘れ物問い合せセンター,lost_and_found_at_kyoto_station_building
忘れ物問い合せセンター,lost_and_found_at_kyoto_station_building
京都中央郵便局,kyoto_central_post_office
中央郵便局,kyoto_central_post_office
京都駅八条口郵便局,kyoto_station_hachijo_gate_post_office_window_hours
八条口郵便局,kyoto_station_hachijo_gate_post_office_window_hours
おみやげ街道ＪＲ京都駅西口店,souvenir_kaido_at_jr_kyoto_station_west_gate
おみやげ街道西口店,souvenir_kaido_at_jr_kyoto_station_west_gate
おみやげ街道ＪＲ京都西口改札内店,souvenir_kaido_in_jr_kyoto_station_west_gate
おみやげ街道ＪＲ京都西口内店,souvenir_kaido_in_jr_kyoto_station_west_gate
おみやげ街道西口内店,souvenir_kaido_in_jr_kyoto_station_west_gate
定家,sadaie
よーじや 京都駅烏丸中央口コーナー,yojiya_kyoto_station_karasuma_central_gate_corner
よーじや京都駅烏丸中央口コーナー,yojiya_kyoto_station_karasuma_central_gate_corner
よーじや烏丸中央口コーナー,yojiya_kyoto_station_karasuma_central_gate_corner
よーじや烏丸中央コーナー,yojiya_kyoto_station_karasuma_central_gate_corner
よーじや 京都駅八条口コーナー,yojiya_kyoto_station_hachijo_gate_corner
よーじや京都駅八条口コーナー,yojiya_kyoto_station_hachijo_gate_corner
よーじや八条口コーナー,yojiya_kyoto_station_hachijo_gate_corner
京ぽんと 伏水菓蔵,kyopon_and_fusei_kabura
京ぽんと伏水菓蔵,kyopon_and_fusei_kabura
喫煙所　ポルタ屋上の噴水「AQUA FANTASY」裏,smoking_area_behind_the_fountain_aqua_fantasy_on_the_roof_of_porta
喫煙所ポルタ屋上噴水AQUAFANTASY裏,smoking_area_behind_the_fountain_aqua_fantasy_on_the_roof_of_porta
喫煙所噴水AQUAFANTASY裏,smoking_area_behind_the_fountain_aqua_fantasy_on_the_roof_of_porta
喫煙所　京都駅八条口を出てすぐ,smoking_area_right_outside_kyoto_station_hachijo_gate
喫煙所京都駅八条口出てすぐ,smoking_area_right_outside_kyoto_station_hachijo_gate
喫煙所八条口出てすぐ,smoking_area_right_outside_kyoto_station_hachijo_gate
喫煙所八条口,smoking_area_right_outside_kyoto_station_hachijo_gate
喫煙所　京都駅前ヨドバシカメラ横のマナースポット,smoking_area_manner_spots_at_yodobashi_camera_kyoto_station
喫煙所京都駅前ヨドバシカメラ横マナースポット,smoking_area_manner_spots_at_yodobashi_camera_kyoto_station
喫煙所駅前ヨドバシカメラ横マナースポット,smoking_area_manner_spots_at_yodobashi_camera_kyoto_station
喫煙所ヨドバシカメラ横マナースポット,smoking_area_manner_spots_at_yodobashi_camera_kyoto_station
喫煙所　京都駅0番線の山科側,smoking_area_yamashina_side_of_kyoto_station_platform_0
喫煙所京都駅0番線山科側,smoking_area_yamashina_side_of_kyoto_station_platform_0
喫煙所0番線山科側,smoking_area_yamashina_side_of_kyoto_station_platform_0
喫煙所　近鉄京都駅構内,smoking_area_inside_the_premises_of_kintetsu_kyoto_station
喫煙所近鉄京都駅構内,smoking_area_inside_the_premises_of_kintetsu_kyoto_station
トラベレックス TiS京都店,travelex_tis_kyoto
トラベレックスTiS京都店,travelex_tis_kyoto
トラベレックスTiS,travelex_tis_kyoto
外貨両替専門店ワールドカレンシーショップ京都駅ビル店,world_currency_exchange_kyoto_station_building
外貨両替専門店ワールドカレンシーショップ,world_currency_exchange_kyoto_station_building
外貨両替専門店,world_currency_exchange_kyoto_station_building
外貨両替,world_currency_exchange_kyoto_station_building
トラベレックスジャパン 京都西口店,travelex_japan_kyoto_west_gate
トラベレックスジャパン京都西口店,travelex_japan_kyoto_west_gate
トラベレックスジャパン,travelex_japan_kyoto_west_gate
東広場,east_square
京都劇場エントランス,kyoto_theater_entrance
鳥丸小路広場,torimarukoji_square
南広場,south_square
大階段,large_stairway
京都駅ビル専門店街ザ・キューブ2F,the_cube_goumet_street_kyoto_station_building_2_f
専門店街ザ・キューブ2F,the_cube_goumet_street_kyoto_station_building_2_f
ザ・キューブ2F,the_cube_goumet_street_kyoto_station_building_2_f
京都駅ビル専門店街ザ・キューブグルメ街11F,the_cube_gourmet_street_kyoto_station_building_11_f
専門店街ザ・キューブグルメ街11F,the_cube_gourmet_street_kyoto_station_building_11_f
ザ・キューブグルメ街11F,the_cube_gourmet_street_kyoto_station_building_11_f
室町小路広場,muromachi_koji_square
大空広場,ozora_plaza
ユニクロ京都駅八条口店,uniqlo
ユニクロ八条口店,uniqlo
マツモトキヨシ 京都駅八条口店,matsumoto_kiyoshi_kyoto_station_hachijo_gate
マツモトキヨシ八条口店,matsumoto_kiyoshi_kyoto_station_hachijo_gate
ベルマート京都東口,bellmart_kyoto_east_gate
ベルマート東口,bellmart_kyoto_east_gate
中央口北東エスカレーター1,north_east_escalator_1_at_central_gate
中央口北東エスカレーター2,north_east_escalator_2_at_central_gate
中央口北東階段1,north_east_stairway_1_at_central_gate
中央口北東階段2,north_east_stairway_2_at_central_gate
中央口前階段1,front_stairway_1_at_central_gate
中央口前階段2,front_stairway_2_at_central_gate
南北連絡口南エスカレータ1,south_escalator_1_at_south_north_access_gate
南北連絡口南エスカレーター1,south_escalator_1_at_south_north_access_gate
Avanti連絡階段,avanti_connecting_stairway
南北連絡口南階段1,south_stair_1_at_south_north_access_gate
南北連絡口南エレベータ,south_elevator_at_south_north_access_gate
南北連絡口南エスカレータ2,south_escalator_2_at_south_north_access_gate
南北連絡口南階段2,south_stairway_at_south_north_access_gate
みやこみち内階段,stairway_in_miyakomichi
みやこみち内エスカレーター,escalator_in_miyakomichi
地下連絡通路階段,stairway_to_underground_mall
大階段1,large_stairway_1
大階段2,large_stairway_2
中央口駅ビル中央エレベーター,central_elevator_at_central_gate
中央口東エレベーター,east_elevator_at_central_gate
伊勢丹内北階段1,north_stairway_2_in_isetan
伊勢丹内北階段2,north_stairway_2_in_isetan
伊勢丹内南エレベーター,south_elevator_in_isetan
伊勢丹内北エレベーター,north_elevator_in_isetan
伊勢丹内中央エスカレーター,central_escalator_in_isetan
伊勢丹内南エスカレーター,south_escalator_in_isetan
ポルタ左上階段,porta_upper_left_stairway
中央口ポルタ左階段,porta_left_stairway_at_central_gate
中央口ポルタ中央階段,porta_central_stairway_at_central_gate
中央口ポルタ右階段,porta_right_stairway_at_central_gate
0番ホームエスカレーター,escalator_on_platform_0
0番エスカレーター,escalator_on_platform_0
0番ホーム階段,stairway_on_platform_0
0番階段,stairway_on_platform_0
"2,3番ホームエスカレーター",escalators_on_platform_2_and_3
2番ホームエスカレーター,escalators_on_platform_2_and_3
3番ホームエスカレーター,escalators_on_platform_2_and_3
2番エスカレーター,escalators_on_platform_2_and_3
3番エスカレーター,escalators_on_platform_2_and_3
"2,3番ホーム階段",stairway_on_platform_2_and_3
2番ホーム階段,stairway_on_platform_2_and_3
3番ホーム階段,stairway_on_platform_2_and_3
2番階段,stairway_on_platform_2_and_3
3番階段,stairway_on_platform_2_and_3
"4,5番ホームエスカレーター",escalators_on_platform_4_and_5
4番ホームエスカレーター,escalators_on_platform_4_and_5
5番ホームエスカレーター,escalators_on_platform_4_and_5
4番エスカレーター,escalators_on_platform_4_and_5
5番エスカレーター,escalators_on_platform_4_and_5
"4,5番ホーム階段",stairway_on_platform_4_and_5
4番ホーム階段,stairway_on_platform_4_and_5
5番ホーム階段,stairway_on_platform_4_and_5
4番階段,stairway_on_platform_4_and_5
5番階段,stairway_on_platform_4_and_5
"6,7番ホームエスカレーター",escalators_on_platform_6_and_7
6番ホームエスカレーター,escalators_on_platform_6_and_7
7番ホームエスカレーター,escalators_on_platform_6_and_7
6番エスカレーター,escalators_on_platform_6_and_7
7番エスカレーター,escalators_on_platform_6_and_7
"6,7番ホーム階段",stairway_on_platform_6_and_7
6番ホーム階段,stairway_on_platform_6_and_7
7番ホーム階段,stairway_on_platform_6_and_7
6番階段,stairway_on_platform_6_and_7
7番階段,stairway_on_platform_6_and_7
"8,9,10ホームエスカレーター",escalators_on_platforms_8_9_and_10
8ホームエスカレーター,escalators_on_platforms_8_9_and_10
9ホームエスカレーター,escalators_on_platforms_8_9_and_10
10ホームエスカレーター,escalators_on_platforms_8_9_and_10
"8,9,10ホーム階段",stairway_on_platform_8_9_and_10
8ホーム階段,stairway_on_platform_8_9_and_10
9ホーム階段,stairway_on_platform_8_9_and_10
10ホーム階段,stairway_on_platform_8_9_and_10
新幹線コンコースエスカレーター1,shinkansen_concourse_escalator_1
新幹線コンコース階段1,shinkansen_concourse_stairway_1
新幹線コンコースエスカレーター2,shinkansen_concourse_escalator_2
新幹線コンコース階段2,shinkansen_concourse_stairway_2
新幹線八条口改札内エスカレーター,escalators_inside_shinkansen_hachijo_ticket_gate
新幹線八条口改札内階段,stairway_inside_shinkansen_hachijo_ticket_gate
地下鉄南改札口内エスカレーター,escalator_inside_south_subway_ticket_gate
地下鉄中央２改札口内エスカレーター,escalators_inside_central_subway_ticket_gate_2
地下鉄中央2改札口内エスカレーター,escalators_inside_central_subway_ticket_gate_2
地下鉄中央２改札口内階段,stairway_inside_central_subway_ticket_gate_2
地下鉄中央2改札口内階段,stairway_inside_central_subway_ticket_gate_2
ＨＩＫＡＲＩ,hikari
ダイコクドラッグ 京都駅八条口店,daikoku_drug_kyoto_station_hachijo_gate
ダイコクドラッグ京都駅八条口店,daikoku_drug_kyoto_station_hachijo_gate
ダイコクドラッグ八条口店,daikoku_drug_kyoto_station_hachijo_gate
コクミンドラッグ 京都PORTA店,kokumin_drug_in_kyoto_porta
コクミンドラッグ京都PORTA店,kokumin_drug_in_kyoto_porta
コクミンドラッグPORTA店,kokumin_drug_in_kyoto_porta
サンプラザ薬局 京都駅前局,sunplaza_pharmacy_kyoto_station_front
サンプラザ薬局京都駅前局,sunplaza_pharmacy_kyoto_station_front
サンプラザ薬局駅前局,sunplaza_pharmacy_kyoto_station_front
さくら薬局 京都駅前店,sakura_pharmacy_kyoto_station_front
さくら薬局京都駅前店,sakura_pharmacy_kyoto_station_front
さくら薬局駅前店,sakura_pharmacy_kyoto_station_front
ほのか薬局,honoka_pharmacy
マツモトキヨシ 京都タワーサンド店,matsumoto_kiyoshi_kyoto_tower_sandwich
マツモトキヨシ京都タワーサンド店,matsumoto_kiyoshi_kyoto_tower_sandwich
京お弁当,kyoto_bento
授乳室 京都伊勢丹７F,nursing_room_in_kyoto_isetan_7f
授乳室京都伊勢丹７F,nursing_room_in_kyoto_isetan_7f
授乳室伊勢丹７F,nursing_room_in_kyoto_isetan_7f
駅スタンプ 中央口改札横,station_stamp_spot_at_central_ticket_gate
駅スタンプ中央口改札横,station_stamp_spot_at_central_ticket_gate
駅スタンプ中央改札横,station_stamp_spot_at_central_ticket_gate
中央口改札外　待合室,waiting_room_outside_central_ticket_gate
中央口改札外待合室,waiting_room_outside_central_ticket_gate
中央改札外待合室,waiting_room_outside_central_ticket_gate
老舗・名店弁当コーナー ジェイアール京都伊勢丹店,long_established_and_famous_bento_corner_in_jr_kyoto_isetan
老舗名店弁当コーナージェイアール京都伊勢丹店,long_established_and_famous_bento_corner_in_jr_kyoto_isetan
老舗名店弁当コーナー伊勢丹店,long_established_and_famous_bento_corner_in_jr_kyoto_isetan
時の灯,tokino_hi
ゐざさ ＪＲ京都駅,izasa_in_jr_kyoto_station_shinkansen_premises
ゐざさＪＲ京都駅新幹線構内,izasa_in_jr_kyoto_station_shinkansen_premises
ゐざさ新幹線構内,izasa_in_jr_kyoto_station_shinkansen_premises
デリカステーション京都コンコース店,delica_station_kyoto_concourse_shop
たごさく ジェイアール京都伊勢丹店,tagosaku_jr_in_kyoto_isetan
たごさくジェイアール京都伊勢丹店,tagosaku_jr_in_kyoto_isetan
たごさく伊勢丹店,tagosaku_jr_in_kyoto_isetan
とり松,torimatsu
551蓬莱 京都伊勢丹店,551_horai_in_kyoto_isetan
551蓬莱京都伊勢丹店,551_horai_in_kyoto_isetan
551蓬莱伊勢丹店,551_horai_in_kyoto_isetan
551蓬莱 JR京都駅店,551_horai_jr_in_kyoto_station
551蓬莱JR京都駅店,551_horai_jr_in_kyoto_station
551蓬莱,551_horai_jr_in_kyoto_station
聖護院八ツ橋 京都伊勢丹店,shogoin_yatsuhashi_in_kyoto_isetan
聖護院八ツ橋京都伊勢丹店,shogoin_yatsuhashi_in_kyoto_isetan
聖護院八ツ橋伊勢丹店,shogoin_yatsuhashi_in_kyoto_isetan
井筒八ッ橋本舗 京都伊勢丹店,izutsu_yatsuhashi_honpo_in_kyoto_isetan
井筒八ッ橋本舗京都伊勢丹店,izutsu_yatsuhashi_honpo_in_kyoto_isetan
井筒八ッ橋本舗伊勢丹店,izutsu_yatsuhashi_honpo_in_kyoto_isetan
本家西尾八ッ橋 八条口店,honke_nishio_yatsuhashi_at_hachijo_gate_gion_tamejiro_hachijoguchi
本家西尾八ッ橋八条口店（ぎをん為治郎八条口店）,honke_nishio_yatsuhashi_at_hachijo_gate_gion_tamejiro_hachijoguchi
ポルタインフォメーション横 授乳室,nursing_room_at_porta_information_booth
ポルタインフォメーション横授乳室,nursing_room_at_porta_information_booth
駅スタンプ 西口改札内,station_stamp_spot_inside_west_ticket_gate
駅スタンプ西口改札内,station_stamp_spot_inside_west_ticket_gate
